{"cameraMode":{"drawMode":0,"name":"Shaded","section":"Shading Mode"},"sceneLighting":true,"audioPlay":false,"sceneViewState":{"showFog":true,"showMaterialUpdate":false,"showSkybox":true,"showFlares":true,"showImageEffects":true,"showParticleSystems":true},"in2DMode":false,"pivot":{"x":-0.22109539806842805,"y":1.066750407218933,"z":-0.13270819187164308},"rotation":{"x":0.00007210588955786079,"y":0.9709065556526184,"z":-0.23946015536785127,"w":0.00029228426865302026},"size":2.3169844150543215,"orthographic":false}