{"cameraMode":{"drawMode":0,"name":"Shaded","section":"Shading Mode"},"sceneLighting":true,"audioPlay":false,"sceneViewState":{"showFog":true,"showMaterialUpdate":false,"showSkybox":true,"showFlares":true,"showImageEffects":true,"showParticleSystems":true},"in2DMode":false,"pivot":{"x":0.18177366256713868,"y":0.86714768409729,"z":0.02331686019897461},"rotation":{"x":0.0026903615798801185,"y":0.011096959002315998,"z":0.000029833272492396645,"w":-0.9999377727508545},"size":3.216984272003174,"orthographic":false}